ID,FirstName,LastName,,,,,
101,Bobby,Jenkins,,,,,
102,Ace,Jabber,,,,,
103,Ady,Jamble,,,,,
104,Aiden,Janky,,,,,
105,Aisha,Jargle,,,,,
106,Angel,Jingle,,,,,
107,Anna,Jolly,,,,,
108,Aunt,Jumpy,,,,,
109,Ava,Keeple,,,,,
110,Ayana,Kludgey,,,,,
111,Baron,Kooky,,,,,
112,Baroness,Little,,,,,
113,Beyonce,Looney,,,,,
114,Big,Lumpy,,,,,
115,Blossom,Marble,,,,,
116,Boss,Mini,,,,,
117,Buzz,Mooly,,,,,
118,Caden,Mucky,,,,,
119,Captain,Nifty,,,,,
120,Chief,Ninja,,,,,
121,Chikae,Orange,,,,,
122,Chip,Pepper,,,,,
123,Chloe,Pink,,,,,
124,Chowder,Pirate,,,,,
125,Coach,Poopy,,,,,
126,Coco,Pretty,,,,,
127,Commander,Pro,,,,,
128,Count,Proto,,,,,
129,Countess,Proud,,,,,
130,Critter,Puddin,,,,,
131,Darius,Punky,,,,,
132,Deion,Purple,,,,,
133,Demarco,Quick,,,,,
134,Demond,Rare,,,,,
135,Deon,Red,,,,,
136,Dion,Retro,,,,,
137,Doc,Sazzle,,,,,
138,Dolly,Secret,,,,,
139,Elon,Short,,,,,
140,Elsa,Slim,,,,,
141,Emma,Snazzy,,,,,
142,Ethan,Sneezy,,,,,
,,,,,,,
,,,,,,,
,,,,,,,
,,,,,,,
,,,,,,,
,,,,,,,
,,,,,,,
,,,,,,,
,,,,,,,
,,,,,,,